ZNF382	STAT3	-
MEF2A	NRF1	+
HDAC2	COL1A2	-
SMAD4	TNC	+
CDX2	IGFBP3	-
STAT2	NOS2	+
EGR1	SOD1	+
STAT1	IFNA1	-
ESR1	KDR	+
SP1	CCND1	+
IRF3	IFNA1	+
RELA	PPARD	-
SRF	SERPINE1	-
AR	JUN	+
VDR	IGFBP3	-
MYC	TP53	+
EP300	BRCA1	+
GATA4	IL5	+
SP1	KDR	-
EZH2	CCNE1	+
ESR1	AR	+
GATA3	MUC1	+
YBX1	EGFR	+
HES1	ASCL1	-
YY1	TP53	+
HIF1A	XPC	+
TP53	MMP2	+
USF1	APC	+
BRCA1	HSPA5	-
ETS2	MMP9	+
CEBPD	CYP19A1	-
VHL	AR	+
MEF2D	ATF3	+
ZBTB7A	CDKN2A	-
TP53	TNFRSF10B	+
DNMT1	CXCR4	-
RELA	ABCA1	-
TFAP2A	CD82	+
HDAC1	IL2	-
STAT5A	CCND2	-
ESRRA	CYP19A1	+
APEX1	CCL2	+
STAT3	LEP	+
STAT3	HSPA4	+
TFAP2A	PTEN	+
MYC	TERT	+
SP1	TNFSF10	-
STAT3	GAST	+
PAX5	LEF1	+
FOXO3	TNFSF10	+
RB1	DNMT3A	-
FOXO1	CDKN1B	+
ATF3	MMP2	-
ILF3	PLAU	+
GLI2	CDH1	-
EGR1	ATF3	+
SREBF2	HNF4A	-
SIRT1	MCL1	+
EP300	NR0B2	+
SATB1	CYBB	-
SP1	VIM	+
IRF1	CCNB1	-
SNAI1	CDH1	-
NFKB1	SOD2	+
E2F1	CDKN2A	+
TP53	PMAIP1	+
NFKB1	CFTR	+
SP1	MDM2	+
XBP1	HSPA5	+
MYCN	TP53	+
EGR1	MYB	-
JUND	CCND1	+
USF1	FOXA2	+
EGR1	FGF2	+
HNF4A	NR1I2	+
ING4	CDKN1A	+
KLF4	VDR	-
ING4	CDKN1B	+
RELA	COL1A2	-
TWIST1	TIMP1	-
HDAC9	TP53	-
GATA3	CDH1	+
EPAS1	MSC	+
HMGA2	CDH1	+
RARA	HSD17B2	+
GATA3	STAT4	-
YY1	PCNA	+
RELA	CDK4	+
RELA	CDK6	+
EPAS1	MMP14	+
ETV4	CCND2	+
WT1	MYB	-
EZH2	PCNA	+
PGR	CYP19A1	-
RELA	TIMP1	-
MYC	CXCR4	+
PPARG	RARB	+
ETV4	PTGS2	+
TP53	STAT3	-
NPM1	CDKN1A	+
TP63	BAX	+
TP53	CDKN1A	+
PBX1	NANOG	+
NR3C1	TP53	-
NR0B1	NR1H4	-
CEBPB	XBP1	+
ATF3	IFNG	+
NANOG	CDK6	-
NR1I2	IL10	+
RELA	CXCL10	+
CTNNB1	MMP14	+
NFKB1	SELE	+
SP1	CCL2	+
NFKB1	FASLG	+
APC	DNMT1	-
MSX1	HEY1	+
KLF2	CDKN1A	+
TWIST2	NF1	-
NR5A2	HSD3B2	+
FOSL2	MYB	+
AR	CDH1	-
UHRF1	PPARG	-
ESR1	BTG2	-
STAT1	IRF1	+
JUND	FOSL1	+
STAT1	IRF7	+
VDR	EGFR	-
STAT1	IRF8	+
BCL6	NFKB1	-
SP3	LPL	+
E2F1	HMGA1	+
ATM	MCL1	+
RELA	LPL	+
HIF1A	MMP2	-
PPARG	TP53	+
YBX1	FAS	-
EGR1	PLAU	+
SP1	CA9	+
GATA4	NPPA	+
FLI1	TERT	+
SP1	SOX9	+
MTA1	PTEN	-
SMAD7	CDKN1A	-
ETS2	MDM2	+
PPARA	CYP1A1	+
EAPP	CDKN2A	-
SREBF1	BCL2L1	-
RELA	CFLAR	+
GATA6	PLAU	-
ATF2	TNF	+
SP1	HSD17B2	+
SP3	HBEGF	+
YBX1	SKP2	-
SNAI2	CD44	+
MITF	BCL2A1	-
TCF4	MYC	+
HDAC9	NFKB1	-
FOSL2	BRCA1	+
KLF8	MMP9	+
PITX1	NKX3-1	-
ATF2	KAT5	-
ESR1	BCL2	+
JUNB	LOR	-
NR1I2	NFKB1	-
ESR1	JUN	+
EGR1	CXCL8	-
NFKB1	MMP14	+
JUN	ABCB1	+
FOS	MYC	-
RELA	FASLG	+
REL	SOD2	+
SIRT1	FOXO3	-
CIITA	COL1A2	-
USF1	HMOX1	+
SP1	TNC	+
SP1	TNF	+
CEBPB	SLC19A1	+
STAT1	MUC4	+
PML	NR4A1	-
CREM	DUSP1	-
PARP1	CDH1	+
SREBF1	NR0B2	+
SIRT1	TP53	-
JUN	ETS1	+
PAX5	BAX	+
ING4	PTGS2	-
KAT2B	IRF7	-
ATF4	DDIT3	+
TWIST2	FOS	+
MYC	IFNA1	-
ETS2	ICAM1	+
RUNX3	TCF4	+
PPARG	MMP9	-
HDAC9	HSPA5	-
SIRT1	TNFRSF10B	-
MYC	TNFRSF10B	+
EP300	IL12B	+
IRF3	CXCL10	+
SP1	KLK3	+
RELA	MMP14	+
CREB1	NR2F1	-
WT1	ETS1	+
E2F1	AR	+
SP1	ABCA1	+
IRF1	CYBB	+
JUN	BRCA1	+
RB1	PCNA	-
NR2F1	SERPINC1	-
ETS1	MMP13	+
TWIST1	FN1	+
RUNX3	CASP3	+
NR0B1	NR5A1	-
TCF4	PTEN	-
SP1	THBD	+
HIC1	MYC	-
ETS1	MUC4	+
RELA	CCND2	+
TWIST2	RUNX2	-
HDAC2	TWIST1	-
YY1	FCER1A	+
HNF4A	MYC	+
ETS2	IL5	+
MYC	FASLG	+
AR	HMOX1	+
SP3	TFF1	+
E2F1	FOXM1	+
NFKB1	CXCL10	+
ESR1	PGR	+
CEBPB	CYP19A1	-
JUN	IFNG	+
HDAC5	FGF2	-
SP3	NOS3	+
HDGF	VEGFA	+
RELA	BCL2	+
PITX1	JUN	-
DDIT3	IL6	+
FOXP3	IL2	-
CREM	FOS	-
TP73	TERT	-
CDX2	PTGS2	-
GATA3	ZEB1	+
ZNF300	CDKN1A	-
JUN	NOX5	+
PPARG	PTEN	+
NFKB1	NCAM1	+
NR1H4	NR1I2	+
ESR1	TERT	+
EGR1	TNFSF10	-
PGR	PTGS2	-
KLF8	FN1	-
CEBPE	GATA1	-
DDIT3	NOS3	-
PPARG	CSF1	-
SNAI2	CXCR4	+
TP53	BAX	+
STAT3	ETV6	+
USF1	CIITA	+
MYCN	BAX	+
ING4	TP53	+
TAL1	ERG	+
PROX1	CDKN1B	+
FOXA2	MMP7	+
ING4	CASP3	+
ETS1	TERT	-
IRF1	IFNB1	+
DNMT1	TNFRSF10B	-
IRF1	CD40	+
RUNX3	CFLAR	-
STAT3	ESR2	+
SIRT2	AFP	+
NFKB1	IL1B	+
SNAI1	THBS1	-
SP1	ALOX5	+
FOXO3	FOXM1	-
TP53	ATF3	+
CEBPB	CXCL8	+
GATA4	CCND2	+
KLF2	PPARG	-
NPM1	ATF5	-
EPAS1	SERPINE1	+
ESR1	CYP1A1	-
CEBPB	IL4	+
CEBPB	IL6	+
HDAC1	HSPA5	-
EZH2	MYC	-
RB1	TFDP1	-
ZFP36	CXCL8	-
TWIST1	MMP2	+
TWIST1	CD44	+
SRF	PLAU	+
SP3	ERBB2	+
NFKB2	HIF1A	-
E2F1	ATM	+
STAT1	MUC1	+
IRF9	PML	+
NFKBIA	NOS2	-
RELA	TNF	+
STAT3	FOS	+
ETS1	MMP9	+
TRERF1	CD80	-
ETS1	MMP1	+
ATF3	SELE	-
ZNF148	GAST	+
CREBBP	IL4	+
TWIST2	MYB	-
SRY	SOX9	+
AIP	TFF1	-
SOX6	TP53	+
PAX5	MYCN	+
TFAP2A	BCL2	-
IRF4	IRF3	-
ESR2	SERPINE1	-
RELA	BCL2A1	+
SPI1	CSF3R	+
PPARG	BCL2L1	-
SP3	SOX18	-
ABL1	TP53	+
CDX2	KLF4	+
MTA1	CDH1	-
RELA	BRCA2	+
RBL2	BRCA1	-
GATA2	CYBB	-
HDAC4	VEGFA	-
IRF9	NCAM1	+
STAT3	BCL6	+
ETV4	MMP7	+
EP300	CDKN1A	+
SIRT1	MYC	-
RUNX2	MMP13	+
BRCA1	EGFR	-
GATA2	SPI1	-
SATB1	SPI1	+
HDGF	FAS	+
KLF2	CXCR4	-
TNFAIP3	IRF7	-
TWIST1	NF1	-
RUNX3	ING1	+
TWIST2	ICAM1	+
STAT3	HIF1A	+
NFKBIA	FAS	-
STAT6	COL1A2	+
SP1	NOS3	+
TP53	MMP1	-
NR1H4	INS	+
ETV4	ERBB2	-
TSC22D3	CCND1	+
IRF1	CDKN1A	-
JUN	PLAUR	+
SPI1	BCL6	-
SREBF1	FAS	+
ZNF382	CDK6	-
TP53	THBS1	+
SP3	HDAC4	+
STAT3	PTEN	+
MYC	TP73	+
SIRT1	CDKN1A	-
SOX9	SOX10	-
SP1	CDKN1A	+
PPARD	PDK4	+
NKX2-5	GATA4	+
TWIST1	GDF15	+
STAT1	NOX5	+
GATA3	CDX2	+
STAT4	MYC	+
KLF6	PMAIP1	+
JUND	GADD45A	+
AR	NFKB1	-
MECP2	TFF1	-
STAT3	TGFB1	+
RELA	PTGS2	+
RUNX2	MMP2	+
TCF4	VEGFA	+
FOXA2	SERPINC1	-
KAT2B	CDKN1A	+
FOXD3	SPP1	+
RELA	JUNB	+
APC	MYC	-
JUN	AR	-
ETS1	TFAP2A	+
SP1	RARA	+
ESR1	CTNNB1	-
HDAC4	MEF2A	-
HDAC7	CDKN1A	+
RBL1	CCNA2	-
HDAC3	CDH1	-
SP3	YY1	+
NFKBIA	CD40	-
DDIT3	TNFRSF10B	+
TFAP2A	VEGFA	+
ZFHX3	MYB	-
NFKB1	HBEGF	+
YY1	NF1	+
NFATC1	SP1	-
JUN	IL2	-
JUN	IL6	+
HIF1A	CDH1	-
GATA2	NOS3	+
BRCA1	IGF1	-
ARNT	FOS	-
REST	OPRM1	-
CIITA	IL4	-
ATF4	HSPA5	-
KLF4	MMP2	+
CREBBP	CREB1	+
GATA2	EPO	-
CREB1	NR5A2	+
HIPK2	VEGFA	-
NFATC1	ICAM1	+
HDAC2	KLF4	-
JUN	VEGFA	-
RELA	PLAU	+
NR2F1	CYP17A1	-
YY1	IL4	+
YY1	IL5	+
HDAC1	RARB	-
EP300	IGFBP3	+
ETS1	TNC	+
RB1	MYC	-
NFYA	CCND2	+
REL	CDKN1A	+
RUNX2	SNAI2	+
TP73	PMAIP1	+
SMAD3	TNC	+
SP1	IL10	+
SP1	LDHA	+
AHR	UGT1A1	+
HDGF	CDH1	-
KLF4	SOD1	-
ETS2	CXCL8	+
HIF1A	E2F3	+
E2F1	BIRC5	+
NFKBIA	IL1B	-
PML	CCND1	-
IRF8	NF1	+
STAT3	IL2	+
TWIST1	MYB	-
SP1	TIMP1	+
DNMT1	TERT	+
ATM	PMAIP1	-
FOXA2	NR5A2	+
MYC	CEBPA	-
TP53	BIRC5	-
USF2	HMOX1	+
ERCC2	BCL2	-
MYC	FOXM1	+
NRF1	CXCR4	+
ETV4	VIM	+
KLF10	CDKN1A	+
STAT6	STAT1	-
CTCF	BCL6	-
PITX1	RUNX2	-
JUN	VCAM1	+
FOXL2	SIRT1	+
HIC1	STAT3	+
STAT3	BIRC5	+
FOXP2	MET	-
SP1	MET	+
TWIST2	NR2F1	+
NF1	FOS	+
RELA	EPAS1	+
JUN	PTGS2	+
CREB1	MUC5AC	+
ETS1	MDM2	-
STAT3	MMP9	-
RELA	ABCB1	+
NR0B1	CYP17A1	-
WWTR1	SMAD3	+
HDAC1	SPP1	-
RARA	RARB	+
EZH2	HDAC1	-
TNFAIP3	NFKB1	-
SP1	SREBF1	+
SMAD3	FOXP3	+
STAT3	OPRM1	+
TP73	CDKN1A	+
TWIST1	YBX1	+
TFAP4	CDKN1A	+
KLF2	THBD	+
BCL6	IRF4	-
ZNF382	MYC	-
RELA	CCL2	+
PARP1	VIM	+
MYB	CSF3R	-
RELA	FOXP3	+
HDAC9	RELA	-
SNAI1	VDR	-
TP53	GDF15	+
TWIST2	FN1	+
EZH2	SATB1	-
VDR	CXCL8	+
CTCF	TERT	-
CEBPA	HSPA4	+
NFKB1	CD80	+
PARP1	SNAI1	-
EZH2	CDH1	-
TBP	FOS	+
TFAP2A	ETS1	+
KLF8	MMP14	+
WT1	VEGFA	+
E2F4	PPARG	-
BRCA1	EP300	+
NFKB1	IFNG	+
SMARCA4	CD44	-
HDAC2	CCNE1	-
HMGA1	CDH1	-
USF2	SLC19A1	+
EGR1	RBL2	+
NFKB2	CDK6	+
EP300	CA9	+
ZEB2	VIM	+
PPARD	SOD1	+
FOS	SMAD7	+
SP1	CCNA2	-
RELA	VEGFA	+
ZNF300	IL6	+
ING4	SKP2	-
ESR1	CCNA2	+
KLF4	CDKN1B	+
NFKB1	MMP13	+
WT1	CCNE1	-
YBX1	ERBB2	+
NFKB1	NOX5	+
CREM	FASLG	-
NFKB1	PLAUR	+
TP53	GADD45A	-
PROX1	TWIST1	-
JUN	FOSL1	+
HIF1A	LDHA	+
PAX5	CCND1	-
YBX1	MYCN	+
PPARGC1A	CYP7A1	+
SP2	CEACAM1	-
FOXO1	EGR1	-
RUNX3	CCND1	-
CEBPB	CDKN1A	+
KLF4	CCNB1	-
FOXA1	BCL2	-
RELA	KLK3	-
LMO2	FGF2	+
SPI1	CCL2	+
SP3	LOR	-
SOX6	CCNA2	-
JUN	APOC3	+
NFKB1	CCND2	+
ELL	CDKN1A	-
PAX5	MET	+
NFKB1	ICAM1	+
STAT3	MUC1	+
TCF3	CDK6	-
HOXA10	TP53	+
EP300	VEGFA	+
HIC1	VEGFA	-
TBX21	IFNG	+
JUN	VDR	+
GATA2	WT1	+
TBX21	IL4	-
HDAC9	CDKN2A	+
HIF1A	BAX	+
NFKB1	TNFAIP3	+
NR3C1	BRCA1	+
ETS1	EGR1	+
KLF4	BIRC5	-
SPDEF	MUC2	+
SP1	CD14	+
FOS	PTGS2	+
ATF4	SIRT2	-
FOXA1	SERPINC1	-
TP53	CCND1	-
EP300	WT1	+
NFE2L2	SOD2	+
NFE2L2	SOD1	+
RELA	CCNB1	+
HDAC5	WT1	-
ETS1	NKX3-1	+
RELA	THBD	-
NR1I2	FOSL1	+
ARNT	JUN	-
BRCA1	CTSD	-
SP1	CDK4	+
NR3C1	STAT1	-
NFKB1	GSTP1	+
SP1	CDK6	-
FOXO4	BCL6	+
RXRA	ABCA1	+
PPARG	FASLG	+
TWIST1	ESR1	-
CEBPA	CCL2	+
IRF2	CXCR4	-
IRF1	TNFSF10	+
SIRT1	CTNNB1	-
RARA	CDKN1A	+
SIRT1	ABCB1	+
NCOR1	SNAI2	-
MYC	JUNB	-
RELA	SERPINE1	+
TP53	MUC2	+
SP1	FOXM1	+
HDAC1	MMP9	-
E2F1	VEGFA	-
PTTG1	MYC	+
JUND	NOS2	+
BRCA1	ATM	+
NFKB1	CXCL8	+
ESR2	TFF1	+
ILF3	IL2	+
SOX6	CTNNB1	-
NFKB1	CXCL1	+
YY1	MUC4	-
E2F1	PCNA	+
ATM	BCL2	-
WT1	DNMT3A	+
SPDEF	MMP9	-
USF2	THBS1	+
HDAC1	KLF4	-
GATA3	EPO	-
JUNB	IL4	+
EGR1	CCND1	+
SMAD7	MYC	+
ETV6	CDKN1A	+
HDAC7	ESR1	-
RUNX2	VEGFA	+
NR5A1	CYP17A1	+
HIF1A	NR4A1	+
KLF5	CCND1	+
NFE2L2	HMOX1	+
FOXO3	BCL6	+
JUN	IL12B	+
NFKBIA	NFKB1	-
BRCA1	SIRT1	+
RELA	TBP	+
E2F4	BRCA1	-
GATA2	FCER1A	+
STAT1	STAT2	+
SP1	AHR	-
CREB1	CYP19A1	+
HDAC1	BCL2A1	+
NFKB1	JUNB	+
FOS	SPI1	-
ATF1	IL10	+
SP1	SP3	+
CREB1	SNAI2	-
CREB1	SNAI1	-
RELA	TBX21	+
E2F1	MUC4	+
SP1	APEX1	-
RELA	CEACAM1	+
DDIT3	CEBPA	-
PPARG	CCNE1	-
FOS	NFKB1	-
SNAI2	CDH1	-
TP53	KLF2	-
NFKBIA	RELA	-
AR	PTGS2	-
MYC	CCND2	+
WT1	CYP19A1	-
FOXO1	TNFSF10	+
ELK1	EZH2	+
POU2F1	IL2	+
MYB	LMO2	+
IRF1	SOCS1	+
RELA	EGFR	+
MTA1	SMAD7	-
NR1H4	RELA	+
SP1	LOR	+
NFYB	FXR2	+
TWIST1	NR2F1	+
SREBF2	LDLR	+
SP1	SLC19A1	+
ZNF382	MITF	-
FOS	CREM	+
NCOR1	IGFBP3	-
VHL	IGF1R	-
HDAC9	PRL	-
NF1	AFP	-
AIP	NFKB2	-
ATF2	APOC3	+
STAT3	TERT	+
SP1	GAST	+
SP1	EAPP	+
BCL6	XBP1	-
PAX5	FHL2	+
APEX1	RELA	+
POU1F1	PRL	+
ESR1	CYP19A1	+
FOXA2	ABCA1	-
SIRT1	MMP9	-
AR	EP300	+
STAT3	BCL2L1	+
ING4	BAX	+
JUN	PGR	-
IRF1	IFNA1	+
PROX1	CYP7A1	-
DR1	NR1I2	+
RELA	BCL2L1	+
TBP	NF1	-
E2F1	MYCN	+
HNF1A	UGT1A1	+
STAT1	NR1H4	-
IRF7	CD80	+
STAT3	DNMT1	+
ZEB1	MUC1	-
EP300	PTGS2	+
CEBPD	SOD1	+
SIRT1	CFLAR	+
CREB5	STAT1	-
SMAD4	APOC3	+
HEY1	GATA6	-
HEY1	GATA4	-
FLI1	IL10	+
GATA3	CXCL1	-
SRF	MMP14	+
CEBPB	ABCB1	+
STAT6	HSD3B2	+
BRCA1	MDM2	+
PRDM1	CIITA	-
CTNNB1	JUN	+
JUN	RARB	+
EGR1	MMP14	+
STAT3	PTGS2	+
TP53	DNMT1	-
ING1	BAX	+
STAT3	MYC	+
SPI1	IL1B	+
REL	IL1B	+
E2F1	CDK1	+
SOX2	RHO	-
STAT3	MUC4	+
ATF3	DDIT3	+
PAX5	TERT	+
HIF1A	EPO	+
EPAS1	VEGFA	+
NR3C1	ELK1	-
SP1	TERT	+
MECP2	ESR1	-
FOXL2	CYP19A1	-
RELA	NOX5	+
STAT3	CDK4	+
STAT1	IFNB1	-
ETV4	ETS1	+
GATA4	NOS3	+
FOSL2	FOSL1	+
HIF1A	ABCB1	-
SP1	EGR1	+
IRF1	MYB	-
RELA	MAT2A	+
ETS1	WT1	+
ING4	CXCL8	-
EP300	DNMT1	+
WT1	IGF1R	-
NKX3-1	CCND1	-
HSF1	CDKN1A	-
JUN	SMAD7	+
STAT3	EGFR	+
MYCN	HDAC2	+
HES1	PTEN	-
NCOR1	PPARG	-
BRCA1	ESR1	+
ZNF148	VIM	-
FOXO3	AR	+
NFKB1	IFNA1	+
SOX9	NR5A1	+
SPDEF	PLAUR	-
GATA2	AR	+
SP4	YY1	+
MYC	ODC1	+
ETS1	PF4	+
GATA1	CYBB	+
NR4A1	E2F1	+
NANOG	CDX2	-
HDAC1	EGFR	-
ELL	MDM2	-
TP53	PTEN	-
SP1	FXR2	+
PPARG	CCND1	-
RELA	CXCL1	+
OTX2	PAX6	+
IRF1	IRF2	+
FOXA1	CFTR	-
SOX10	COL11A2	+
EGR1	FAS	-
PAX6	MET	+
E2F1	PDK4	-
VDR	CDKN1B	+
MYC	CCNE1	+
MTA1	CDKN2A	+
RELA	TNFRSF10B	+
RELA	SIRT1	+
KAT2B	CDK2	-
SMAD3	MMP9	-
STAT3	VEGFA	+
NR4A1	MMP2	+
PPARG	PTGS2	-
RELA	MMP9	+
RB1	E2F3	-
CTNNB1	CCND1	+
SP1	MMP14	+
JUN	CDKN1A	-
KLF4	IL1B	-
FOXM1	CCNB1	+
SMAD3	TERT	-
SP1	CCND2	+
NFYB	CDKN1B	+
PPARG	EGFR	-
RUNX2	TWIST1	+
PARP1	E2F1	+
E2F1	ABCB1	+
E2F1	ETV4	+
USF2	CEACAM1	+
WT1	TERT	-
SP1	HMGA1	+
SRF	FOS	+
NR3C1	CDK4	-
BRCA1	IRF7	+
NR3C1	CDK6	-
WT1	CDH1	-
ZNF300	MYC	+
HOXB7	MMP2	+
SP1	TNFRSF10B	+
SIRT1	PPARG	-
STAT3	DDIT3	-
JUNB	EGFR	+
HDAC1	TFF1	-
AR	MUC1	-
KLF6	PTTG1	-
KLF4	IL6	+
EGR1	EGFR	+
RELA	MMP2	+
NR5A1	SRY	+
HIPK2	VIM	-
AR	REST	-
NR3C2	CD40	+
UHRF1	RB1	+
MTA1	BCL2L1	+
ING4	CCND1	-
ETS2	CSF3R	+
E2F1	MYC	+
MYCN	CTSD	+
STAT3	FAS	-
DR1	TBP	-
RB1	FOS	-
NR3C1	BAX	+
ETS1	FLI1	+
USF2	TGFB1	+
RELA	PTEN	+
AR	PTEN	+
STAT1	MMP13	-
RELA	PTHLH	+
BRCA1	CYP19A1	+
UHRF1	ABCB1	-
NKX3-1	AR	-
ZBTB16	CCNA2	-
ATF2	CCND1	+
SP3	KLK3	+
TP53	MYC	-
NR1I2	THBS1	+
STAT3	TP63	+
ATF2	ATF3	+
E2F1	RB1	+
NFKB1	SNAI1	+
HNF4A	AFP	+
NFKB1	IL2	+
MYB	ICAM1	-
SIRT1	XPC	-
NR1H4	CYP7A1	-
STAT1	CDKN1A	+
VDR	IL2	-
NFKB1	IL6	+
JUN	EGFR	+
USF2	ABCA1	+
STAT1	IL6	-
PITX1	IRF7	-
CEBPA	BCL2	-
VDR	IL6	-
GATA4	HDAC9	-
HNF4A	SERPINC1	+
SP3	EAPP	-
TFAP2A	MUC4	-
NR5A1	CYP19A1	+
GATA3	ERG	+
STAT1	CXCL10	-
NFKB1	CD40	+
SMAD3	APOC3	+
SP3	COL11A2	+
TP63	VDR	+
PITX1	TERT	-
NFKB1	IL12B	+
FOS	FAS	+
NFIC	CCL2	+
RELA	TFF1	+
RARA	ICAM1	+
HDAC1	CDKN1A	-
DNMT1	VEGFA	+
SOX6	CDKN1A	+
STAT3	VDR	-
ETS1	ERG	+
SOX9	AR	+
CREM	CREB1	-
ERCC2	CDKN1A	+
RELA	TNFSF10	+
GATA1	WT1	+
TWIST2	RBL2	-
BRCA1	CXCL1	-
NFKB1	EGFR	+
EZH2	SNAI2	-
ZNF300	CDKN1B	-
SMAD3	VDR	+
RELA	GATA3	+
HNF4A	MMP7	+
SOX2	VIM	+
MSC	FOXP3	+
HIF1A	CXCR4	+
PGR	RELA	-
USF1	SERPINE1	+
PML	IFNB1	+
MYC	HDAC2	+
FOXO3	CCND2	-
RELA	TNFAIP3	+
TCF3	CDKN1A	+
NFKB1	SERPINE1	+
SMAD3	CCND2	+
HDAC1	PCNA	-
JUN	MAT2A	+
GATA1	SPI1	-
NFKB1	LPL	+
STAT3	SOCS1	+
RELA	CXCR4	+
ABL1	BCL2	-
ABL1	BCL6	-
NFKB1	MMP1	+
PML	TNFSF10	+
NFKB1	MMP9	+
WT1	SRY	+
JUN	LDHA	+
PARP1	FOXO1	-
JUN	CD82	+
HDAC1	BRCA2	-
RELA	VCAM1	+
E2F1	TP73	+
BRCA1	IFNA1	+
TFAP2A	SLC19A1	+
PARP1	BRCA2	-
MTA1	SNAI1	+
HMGA1	BRCA1	-
NFKB1	GATA3	+
NFKB1	CCL2	+
CTNNB1	RB1	-
TWIST1	FOS	+
RELA	ICAM1	+
NFKB1	TNFRSF10B	+
NFKB1	MUC2	+
STAT3	TIMP1	+
USF1	CXCR4	+
KLF5	CXCR4	+
EGR1	TNF	+
MYB	WT1	+
CEBPE	SPI1	-
HDAC4	MMP13	-
CEBPA	STAR	+
HOXA10	MYCN	-
HDAC2	SNAI2	-
SMARCA4	FOS	-
FOXP2	PLAUR	+
ATF2	RELA	+
E2F1	MCL1	-
FOXA2	CFTR	-
AR	KLK3	+
RB1	E2F1	-
SIRT1	CCND1	-
FOSL2	TIMP1	-
RB1	BRCA1	-
ATF5	CREB1	+
SP2	HSD17B2	-
VDR	CYP7A1	-
FOXD3	MITF	-
ABL1	FOXO3	+
BCL6	HDAC7	-
CLOCK	NR0B2	+
MEF2D	JUN	+
EZH2	MMP2	+
SMARCA4	CDKN1A	+
RELA	CD80	+
TBP	IL6	-
PPARG	CIITA	-
ATF2	NOS3	-
RARA	THBD	+
ATF5	BCL2	+
USF1	CYP1A1	-
NR4A1	CDKN1B	+
USF1	PF4	+
EP300	CYBB	-
TP53	EZH2	-
HDAC4	WT1	-
AR	BTG2	-
FLI1	MMP1	-
CREBBP	HOXA10	+
ETS1	PTHLH	+
ATF4	CEBPB	+
PROX1	CCNE1	+
SMAD3	CDKN1A	+
STAT3	IL10	+
DR1	PTGS2	+
NANOG	AFP	-
MTA1	EGFR	+
FOS	MMP1	+
NR0B1	CYP19A1	-
SNAI2	VDR	-
HDAC9	ESR1	-
SP1	PTHLH	+
FOS	CCND1	-
KLF4	CDKN1A	+
KAT2B	SMAD4	+
EZH2	RUNX3	-
MYC	GATA1	-
MYC	GATA4	+
SMARCA4	CCND1	-
HIF1A	LEP	+
FOXO3	TXNIP	+
SMAD3	CYP17A1	-
IRF1	CDK4	-
SP2	MMP9	-
POU2F1	VCAM1	-
TP53	FOXM1	-
SP1	PTTG1	+
NR4A1	MDM2	-
BCL6	CCND2	-
ARNT	CYP1A1	+
STAT1	NOS2	+
RELA	BAX	-
FOXM1	MYC	+
NR4A1	HSD3B2	+
PAX8	E2F1	+
HDAC9	TNFRSF10B	-
FOXO4	TNFSF10	+
RELA	PROX1	+
MTA1	ESR1	-
GATA2	PPARG	-
STAT1	CEBPE	+
NFKB2	CCND2	+
SPI1	CYBB	+
JUN	SPI1	+
KLF8	CDH1	+
MYB	MYC	+
JUN	RARA	-
ZBTB7A	FOS	-
MYC	CFLAR	-
STAT3	CDKN1A	+
NR5A1	HSD3B2	+
SP1	MMP2	+
WT1	VDR	+
SP1	MMP9	+
HIPK2	HIF1A	-
YBX1	MET	+
ETS1	CA9	-
POU2F1	GADD45A	+
FOSL2	MDM2	+
JUN	ATF3	+
PPARG	MYC	-
RELA	TNC	+
PGR	ESR1	+
PAX5	BCL2	-
SMAD4	SERPINE1	+
SP1	NFKB1	+
TP53	HNF4A	-
RELA	SELE	+
STAT3	PRDM1	+
SALL4	CDH1	-
PAX5	XBP1	-
SRF	CREB1	-
AHR	CYP1A1	+
JUN	MYC	-
NFYA	SP3	+
ATF2	JUN	+
KAT2B	ZEB1	-
EAPP	ABCB1	+
CTNNB1	MYC	+
JUNB	CD82	+
USF1	ABCA1	+
FOXA2	CDH1	+
CEBPA	LEP	+
STAT3	ZFP36	+
ZNF382	JUN	-
HDAC2	CDH1	-
KLF6	ATF3	+
STAT3	NOX5	+
IRF1	CCNE1	-
SP3	FOXP3	-
KLF10	EGFR	-
SMAD3	PTHLH	+
RUNX3	MMP9	-
APC	ODC1	-
HDAC1	ABCB1	-
JUN	CCND1	+
PPARA	NFKBIA	+
SMARCA4	CDKN2A	+
IRF1	CIITA	+
ING1	TP53	+
EGR1	KLK3	-
CEBPA	SERPINC1	+
SMAD4	CDKN1A	+
PPARA	PDK4	+
ATF3	GDF15	+
DDIT3	ATF2	-
EP300	THBD	-
AHR	IL6	+
IRF7	ATF4	+
STAT5A	IFNG	+
DDIT3	ATF5	-
LEF1	MITF	+
ZBTB16	BCL2	-
NFKB1	CCND1	+
FLI1	ERG	+
HMGA1	POU1F1	+
TP53	FGF2	-
RELA	CFTR	+
MEN1	GAST	-
CEBPB	STAR	+
PITX1	HES1	-
ING4	SPP1	-
SPI1	GATA1	+
MSC	MMP2	+
TFAP2C	CDKN1A	-
CREB1	MITF	+
IRF1	CXCL10	+
CDX2	CDKN1A	+
TP53	EGFR	+
CREB1	HMOX1	-
MYCN	BIRC5	+
DNMT1	CDKN2A	-
RELA	TWIST1	+
TNFAIP3	RELA	-
GATA3	IL5	+
HDAC1	SNAI2	-
RUNX3	MYC	-
EGR1	EP300	+
ATF3	LDLR	-
NR3C1	NFKB1	-
EGR1	HIF1A	+
ATF4	IRF7	-
ING1	AFP	-
IRF2	CIITA	+
ESR1	SERPINE1	+
CEBPA	CSF3R	+
RELA	NFKB1	+
ZFP36	IL6	-
KLF6	CDKN1A	+
SP3	ABCA1	-
IRF9	CDKN1B	+
IRF9	CDKN1A	+
RELA	SNAI1	+
RELA	IL1B	+
TP53	CDK1	-
ZFP36	IL2	-
HDAC1	CCND2	-
CREM	CCNA2	-
E2F1	SKP2	+
TP53	CCNB1	-
NFKB1	ALOX5	-
FOXO1	CXCR4	+
CEBPB	GDF15	+
KLF4	THBD	+
SP1	MUC2	+
PPARA	MMP9	-
EP300	NR1H4	-
YY1	FAS	-
FOXL2	CCND2	-
CEBPB	IL1B	+
SP1	HDAC4	+
KLF4	CD14	+
EP300	PCNA	-
JUN	CXCL8	+
SP1	CREM	+
IRF3	IFNB1	+
JUN	LOR	+
EGR1	ABCB1	+
PPARG	ICAM1	-
TBP	BCL2	-
HDAC5	MEF2A	-
YBX1	CCNB1	-
BTG2	CCND1	-
REST	STAT1	-
NFKB1	TFF1	+
ATF2	IFNG	+
RELA	IL10	+
TP53	AFP	-
FHL2	CCND1	-
RELA	MMP13	+
IRF1	FOXP3	-
TWIST1	RUNX2	-
PGR	BCL2	+
HDAC3	CDKN2A	-
SP1	SKP2	+
RELA	AR	-
VDR	SKP2	-
ZEB1	CDH1	-
TSC22D3	FOXO4	-
TSC22D3	FOXO3	-
TWIST1	ICAM1	+
SOX9	CDKN1A	+
TP53	CTSD	+
NFKB1	BRCA2	+
USF1	CYP19A1	-
MDM2	DNMT3A	+
ESR1	RARA	+
ETS1	ABCB1	+
HDAC3	MMP2	-
ELK1	FOSL1	+
ETV4	MMP14	+
ZNF382	NFKB1	-
STAT1	GAST	+
ELK1	TNFRSF10B	+
TWIST2	ATM	+
DNMT1	CDH1	-
YY1	EGFR	+
WT1	JUN	+
NFKB1	FOXP3	+
POU2F1	TK1	+
LMO2	ERG	+
NFKB1	VCAM1	+
USF2	PF4	+
NFKB1	MAT2A	+
KLF6	MMP9	-
PPARA	APOC3	-
MEF2C	JUN	+
JUN	DDIT3	+
ATF4	PLAU	+
HDAC1	E2F1	-
JUN	CREM	+
NR3C1	UGT1A1	+
SP1	DNMT1	+
CREB1	PTGS2	+
ATM	FAS	+
PARP1	BCL2	-
KLF5	BIRC5	+
AR	EGFR	+
IRF9	CCND2	-
ATM	FOXM1	+
ERG	VIM	+
STAT3	JUNB	+
USF1	PTGS2	-
CEBPA	MYC	-
PITX1	IFNA1	-
SP1	RELA	+
SP4	ERBB2	+
RBL1	TFDP1	-
RELA	FAS	+
SP3	IGFBP3	+
NF1	TP53	+
ESR1	ZEB1	+
TAL1	MYB	+
SIRT1	HIF1A	+
KLF4	GDF15	-
HDAC1	ESR1	-
NFKB1	YY1	-
E2F1	IRF3	-
SIRT1	ICAM1	-
GATA1	PF4	+
SRF	FOSL1	+
FOXD3	RARB	+
ESR1	PMAIP1	+
STAT3	FGF2	+
BRD7	E2F3	-
CTCF	MYC	-
FOXO1	IL6	+
TP53	MET	-
SATB1	GATA3	+
TP53	BRCA1	-
NFKB1	PLAU	+
POU1F1	VDR	+
YY1	CREBBP	-
RELA	MUC2	+
RELA	ALOX5	-
PDX1	INS	+
BRCA1	DDIT3	+
ZEB1	BCL6	-
EP300	VCAM1	+
HDAC4	CDKN2A	-
USF1	CTSD	+
ETV4	MUC4	+
HOXB7	VEGFA	+
EZH2	CCND1	+
FOXP3	BRCA1	-
PML	TNFAIP3	-
RB1	RBL1	-
TFAP4	MDM2	-
SREBF1	PDX1	-
AR	CTNNB1	+
HIPK2	MEF2C	-
SNAI1	HBEGF	+
GLI2	TNFRSF10B	-
PROX1	IFNG	-
ZBTB7A	MYC	-
TWIST1	CDH1	-
JUN	CCL2	+
TP63	TCF4	+
LMO2	LEF1	-
NANOG	GATA2	-
SOX9	COL11A2	+
NANOG	GATA4	-
NANOG	GATA6	-
JUN	CYP19A1	-
IRF7	CXCL10	+
NR1H4	NFKB1	+
NR1H4	VEGFA	+
NFYB	SOX18	+
SP4	NFKB1	+
WT1	ODC1	+
NFKB1	PTEN	+
HOXB7	FGF2	+
TWIST1	RBL2	-
HDAC2	ALOX5	+
EP300	CCNE1	+
NFKB1	EGR1	-
ATM	TNFRSF10B	-
STAT3	BCL2	+
SP1	PLAUR	+
GLI2	MUC5AC	+
HIF1A	VEGFA	+
CREB1	MUC4	+
RELA	IFNG	+
STAT6	FOS	+
KLF6	NOS2	+
STAT1	PPARA	+
YY1	EPAS1	-
ZNF300	CXCL8	+
FHL2	CDKN1A	+
MEF2C	NR4A1	-
FHL2	CDKN1B	+
KLF10	SERPINE1	+
PGR	DUSP1	+
MYCN	ABCB1	-
SP2	DNMT3A	+
SOX6	CDK4	-
HIC1	E2F1	-
STAT1	PML	+
HDAC1	IGFBP3	+
CTNNB1	VIM	+
ATF2	IFNB1	+
VHL	HIF1A	-
EGR1	PLAUR	+
NR1I2	UGT1A1	+
USF1	TGFB1	+
SP1	FASLG	+
E2F1	UHRF1	+
FOSL2	BCL6	+
TP53	PAX5	+
ING4	BCL2	-
ETS1	PARP1	+
SP1	ERBB2	+
PPARA	TXNIP	-
SATB1	BCL2	+
HIF1A	CCND1	-
PAX5	TIMP1	+
NFKB1	CTCF	-
BTF3	ATM	+
STAT3	SALL4	+
PTTG1	CDK1	+
VDR	CD14	+
YBX1	CDH1	+
VHL	CXCR4	-
CEBPB	PTGS2	+
RELA	IL12B	+
NFKB1	TNF	+
NFKB1	TNFSF10	+
TP53	E2F1	-
HDAC2	CXCL8	-
APC	NOS2	+
ERG	ICAM1	-
SMAD3	SMAD7	-
TP53	IGFBP3	+
NR1I2	BCL2	+
RELA	MMP1	+
JUND	PTGS2	+
GLI1	TNFRSF10B	-
EGR1	AR	-
HDAC4	CDKN1A	-
YY1	HSD3B2	+
HDAC9	MEF2A	-
HNF4A	CEACAM1	+
RELA	PDK4	-
ATM	SP1	-
GLI2	FAS	-
TP53	UHRF1	-
HDAC4	PTGS2	+
SOX17	FN1	-
JUN	CSF1	+
NFKB1	THBD	-
NFKB1	CCNB1	+
XBP1	ESR1	+
APEX1	NFKB1	+
CDX2	MUC2	+
EGR1	IL6	-
WT1	MYCN	-
RARA	MUC5AC	-
RELA	IL2	+
ERG	FGF2	-
FOXA1	ABCA1	-
EZH2	APC	-
NFKB1	AR	-
KLF4	NANOG	+
TWIST2	GDF15	+
SP3	MYCN	+
HDAC1	CD44	-
CEBPD	PPARG	+
RUNX3	ING4	+
REL	BCL2A1	+
EGR1	LDLR	+
SP1	MTA1	+
MEN1	TERT	-
YBX1	MMP13	-
ERG	CXCL8	-
SP1	PGR	+
HDAC1	TP53	-
NFKB1	PDK4	-
NFKB1	PROX1	+
HDAC9	MMP13	+
CREB1	IFNG	+
SALL4	PTEN	-
SIRT2	CDKN1A	-
CEBPB	CSF3R	+
USF2	APC	+
MITF	BEST1	+
HIF1A	APEX1	-
HDAC7	MEF2D	-
HDAC7	MEF2C	-
HDAC7	MEF2A	-
NR3C1	CDKN1A	+
NR3C2	EGFR	+
YY1	ERBB2	+
ILF3	BIRC5	+
STAT3	MCL1	+
ZFHX3	AFP	-
HMGA1	TWIST1	+
STAT3	NANOG	+
TP53	E2F3	-
TFDP1	CDK1	+
MYC	BRD7	-
NR1I2	BCL2L1	+
NFKB1	MMP2	+
MEN1	JUND	-
NFKBIA	IFNB1	-
ATM	GADD45A	+
PAX5	MMP1	-
SP1	TK1	+
DDIT3	SIRT2	-
DDIT3	SIRT1	-
STAT1	TP53	+
PAX6	PROX1	+
EZH2	TWIST1	-
PAX8	TP53	-
EP300	TP73	+
ETS1	IL5	+
NFKB1	CEACAM1	+
ETS1	IL2	-
TFDP1	PCNA	+
CLOCK	STAR	+
TFDP1	TP53	-
TP53	BRCA2	-
NFKB1	PTHLH	+
SP3	HSD17B2	+
NR1I2	CCL2	-
IRF2	IFNB1	+
EGR1	PTGS2	-
PML	EP300	+
HDAC1	ICAM1	+
ELL	BAX	-
TCF4	VIM	+
USF2	CXCR4	+
TP53	GSTP1	+
CEBPD	CXCL1	+
HMGA2	COL11A2	+
SP1	AR	+
RELA	EGR1	-
NFKBIA	TNFSF10	-
NR0B1	PBX1	+
USF2	CYP19A1	-
WT1	SMAD3	+
ERCC2	TP53	+
ETS1	CSF3R	+
HMGA2	POU1F1	+
NFKB1	CDK4	+
YY1	TFAP2A	+
NFKB1	CXCR4	+
ETV4	TERT	+
ATF4	ATF3	+
BRCA1	IRF9	+
KLF5	CCNB1	+
NCOR1	ESR1	-
TFAP2A	NR3C1	+
HMGA1	PTGS2	+
EGR1	FN1	+
EZH2	CIITA	-
SIRT1	CDH1	-
GLI1	MUC5AC	+
EPAS1	CA9	+
ZBTB16	SOX9	+
NFKB1	ABCA1	-
SATB1	CDK4	+
HDAC1	TXNIP	-
PPARA	PTGS2	+
REL	CCL2	+
NFIC	CYP1A1	-
AIP	AHR	+
PRDM1	LMO2	-
CDX2	APC	+
STAT5A	BCL6	-
E2F1	HIC1	+
RELA	IFNB1	+
CREB1	IL10	+
FOSL2	NOS2	+
PTTG1	KDR	+
CREBBP	IRF1	+
MECP2	CCND1	-
NFKBIA	ICAM1	-
TP53	IGF1R	-
RELA	YY1	-
SIRT1	EZH2	-
SPI1	IL5	+
BCL6	BCL2L1	-
PTTG1	VEGFA	+
NFKB1	IRF7	+
NFKB1	IRF4	+
NFKB1	IRF1	+
HES1	E2F1	-
RELA	IL6	+
MYC	LDHA	+
YBX1	CXCR4	+
HDAC1	SP1	-
NFKB1	NOS3	+
NFKB1	NOS2	+
HIPK2	CDKN1A	+
PGR	IL10	-
SRF	MMP2	+
ABL1	BAX	+
MYC	CDK6	+
RUNX3	TIMP1	+
FLI1	GATA1	+
GATA1	CEBPA	-
E2F3	CDKN1A	+
NR3C1	CYP19A1	+
MEN1	CDKN1B	+
LMO2	NFATC1	+
HDAC5	YY1	+
CREM	IL2	-
PGR	ERBB2	-
STAT3	IRF1	+
MTA1	SNAI2	+
FLI1	FOXM1	+
ATF1	CFTR	+
FOXO1	TXNIP	-
SP1	OPRM1	+
TAL1	MYCN	+
RELA	CD40	+
NFYA	FXR2	+
JUN	TNF	+
NFKB1	TBX21	+
LMO2	CDH1	-
HOXA10	SNAI1	-
FOXA2	PAX6	-
WT1	EGFR	-
HDAC2	SP1	-
HDAC9	STAT6	-
SMAD7	CDK1	-
ETS1	PRL	+
WT1	MYC	-
PPARD	LPL	+
JUN	PPARD	+
BCL6	CDKN1A	-
NFYA	SOX18	+
JUN	HEY1	+
NR3C1	SRF	-
MYCN	CIITA	-
HDAC1	COL1A2	+
SP1	BRD7	+
IRF4	BCL6	-
IRF1	E2F1	-
FOXO4	CREB1	+
ZFP36	VEGFA	-
EGR1	TP53	+
SP1	SERPINE1	+
AHR	CA9	-
JUN	MMP1	+
JUN	MMP2	+
JUN	MMP7	+
JUN	MMP9	+
SP1	SOD2	-
SP1	SOD1	+
JUNB	PTGS2	+
ARNT	CCNE1	-
ETS1	MYB	+
MITF	HIF1A	+
PAX5	CDKN1A	+
SMAD7	TGFB1	+
HIF1A	HBEGF	+
NR1I2	RELA	-
REL	IL6	-
SP3	OPRM1	+
ATF4	VEGFA	+
PITX1	PRL	+
PAX5	PRDM1	-
PML	BAX	+
CREBBP	CDKN1A	+
HOXB7	CCND1	+
KAT2B	CDKN1B	+
NFKB1	COL1A2	-
ETS1	BAX	-
BCL6	CD80	-
PAX8	WT1	+
HDAC2	TNFSF10	-
CIITA	SIRT1	-
SIRT1	HSF1	+
ATF2	MMP2	+
ESR2	CDKN1A	+
STAT1	IFNG	-
MYC	CDK4	+
HEY1	KDR	-
RXRA	SERPINC1	+
TP53	CTNNB1	-
MSC	IFNG	+
WWTR1	BAX	+
JUN	TERT	-
AR	NKX3-1	+
JUN	TP53	-
CEBPE	MYC	-
STAT3	CCND1	+
SP1	EGFR	-
TWIST2	MMP2	+
PML	EGFR	-
PGR	E2F1	+
MYC	TFAP4	+
NFKB1	IFNB1	+
HDAC3	MYC	-
TP53	PML	+
E2F1	CDKN1A	+
NCOR1	AR	+
HDAC1	EGR1	-
NFKB1	CDH1	+
TCF4	ABCB1	+
KLF5	HIF1A	+
HIF1A	MET	+
USF1	SLC19A1	+
JUN	MEF2D	+
NFKB1	BCL2L1	+
FOXA1	NF1	+
RELA	FN1	+
ESR1	TFF1	+
TP53	MCL1	-
SP1	CDKN1B	+
LMO2	ZEB1	-
FOXO4	HIF1A	-
RUNX3	HES1	-
DNMT1	RB1	-
PPARG	POU2F1	+
SP1	GSTP1	+
AR	ERBB2	+
HIF1A	FGF2	+
TFAP2C	ESR1	+
E2F1	DUSP1	+
PML	CDKN1A	+
TFDP1	CCNE1	+
ABL1	CSF1	+
NR0B2	E2F1	-
ATM	DUSP1	+
SP1	MAT2A	+
TP63	KLF4	-
SMAD3	TGFB1	-
ERG	SPP1	+
KLF2	NOS3	+
TRERF1	CD40	-
IRF7	IFNA1	+
SOX17	HNF4A	+
VHL	CDKN1B	+
SP1	CDKN2A	+
CLOCK	NR3C1	-
IRF1	CEACAM1	+
BRCA1	HMGA2	-
RELA	CDH1	+
STAT2	PTGS2	+
VHL	VEGFA	-
KLF4	CDH1	+
HOXB7	CDKN1B	-
SP1	HBEGF	+
EP300	MYC	-
MYB	COL1A2	+
FLI1	IGFBP3	-
EZH2	CDKN1A	-
CEBPB	PRDM1	+
SPDEF	CDH1	+
DNMT1	BIRC5	-
EGR1	EAPP	+
NFKB1	BCL2A1	+
GATA6	CYP17A1	+
NR5A1	PBX1	+
ERG	CXCR4	+
ZBTB16	CXCR4	+
ERCC2	BAX	+
AR	IGF1R	+
HDAC1	FOS	-
HDAC1	CDH1	-
PML	HIPK2	+
HIC1	SIRT1	-
GLI2	BCL2	+
SREBF2	ABCA1	-
TNFAIP3	JUN	-
AHR	PCNA	+
AR	VEGFA	+
SPI1	FCER1A	+
HIF1A	AR	+
STAT6	PTGS2	+
GATA4	ERBB2	-
KLF4	RARA	-
GATA1	FCER1A	+
PPARGC1A	APOC3	+
STAT1	CIITA	+
JUN	MMP13	+
NR5A2	STAR	+
SP1	IL6	+
BRCA1	VEGFA	+
NFKB1	IL10	+
NR3C1	ETS1	-
E2F1	CCNE1	+
NFKB1	CYP19A1	-
RELA	CCND1	+
CDX2	CFTR	+
HDAC3	CXCR4	-
NANOG	KDR	+
PAX8	NCAM1	+
HDAC4	RUNX2	-
ZNF382	HMGA2	-
SATB1	IL5	-
STAT3	IFNG	-
MYCN	CDKN1A	+
E2F1	MDM2	-
E2F1	BCL2	+
ESR1	CDKN1A	+
ESR1	CDKN1B	-
ESR1	TP53	-
SP1	LEP	+
GLI1	FAS	-
OTX2	IL6	+
RELA	GSTP1	+
NFYA	GADD45A	+
WT1	IGF1	-
BRCA1	STAT1	+
BRCA1	STAT2	+
SMAD3	CYP7A1	-
FOS	DDIT3	+
SMAD7	MET	+
HDAC2	DNMT1	-
SNAI2	MMP9	+
YY1	TNFRSF10B	-
VDR	HOXA10	+
HDAC3	ALOX5	+
NR1I2	ABCB1	+
CREB1	BCL2	+
HDAC4	IL10	-
EGR1	PTEN	+
MYCN	SKP2	-
FOXO3	SIRT1	+
STAT6	SELE	-
REL	TNFAIP3	+
ARNT	CA9	+
RXRA	HSD17B2	+
HNF4A	CYP7A1	-
ATF6	PDX1	-
NANOG	KLF2	+
DNMT3A	IGFBP3	-
PBX1	PF4	+
NFE2L2	CXCL8	+
STAT1	IL1B	+
EP300	IFNG	+
USF2	PDX1	+
NR0B2	PTGS2	+
ZNF148	SOX18	-
PPARD	TIMP1	+
ESR2	BRCA2	-
YY1	TP73	+
RELA	CYP19A1	-
NR4A1	CCNA2	-
USF1	CEACAM1	+
RELA	IRF7	+
NFYA	CDKN1B	+
E2F1	HSPA5	-
NR3C1	ATF2	-
STAT3	CCL2	+
RELA	BIRC5	+
RELA	IRF4	+
KLF4	ATF3	+
HDAC2	MUC5AC	-
SREBF1	LDLR	+
FOXO1	AR	-
FOXO3	FASLG	+
REL	SELE	+
NFKB1	BAX	-
SIRT1	COL1A2	-
POU2F1	IL4	-
ATF1	MITF	+
EGR1	TCF4	+
SPI1	CD40	+
JUN	FAS	+
PARP1	SERPINE1	+
HIF1A	TWIST1	+
STAT3	TNFRSF10B	-
NFYB	CCND2	+
PPARA	SREBF2	-
ESR1	CCND1	+
MTA1	ARNTL	+
MECP2	IGFBP3	-
NR2F1	DR1	-
BTG2	KLK3	-
MEF2A	JUN	+
STAT1	ICAM1	+
PROX1	NR1I2	-
TWIST2	CD44	+
EP300	MMP9	+
EGR1	CDKN1A	+
FOXM1	CDKN2A	-
STAT3	IL6	+
HDGF	VIM	+
GLI1	BCL2	+
VDR	CDH1	+
VDR	NCOR1	+
STAT1	MMP9	-
NFKB1	TIMP1	-
HSF1	HSPA4	+
RELA	PGR	-
RELA	PLAUR	+
MYB	MAT2A	+
MTA1	NOS2	+
ESR1	VEGFA	+
NFKB1	FN1	+
RELA	NCAM1	+
TP53	BCL2	-
MYCN	CD44	+
CTNNB1	MMP7	+
MYC	CDKN1A	-
PPARA	SERPINE1	+
ABL1	CCND2	+
MSC	IL10	+
KAT5	STAT3	-
EP300	EPO	+
NFKB1	BCL2	+
TCF4	CCND1	+
GLI2	SOCS1	+
SP1	WT1	+
TP53	NKX3-1	-
HIF1A	VIM	+
PITX1	IRF2	-
FOXM1	BTG2	+
HDAC3	JUN	-
FOXM1	AR	+
SP1	CD44	+
NFE2L2	BRCA1	+
SP1	DNMT3A	+
ATM	BAX	+
TP53	CD82	+
TP53	HIPK2	+
KLF5	MMP9	+
ETS2	ERG	+
STAT3	TWIST1	+
BRCA1	GADD45A	+
SP4	RELA	+
NR5A1	NR0B1	+
JUND	IL6	+
PPARA	LPL	+
NPM1	MDM2	-
ELL	E2F1	-
SOX9	HES1	+
EZH2	CDKN2A	-
STAT1	OPRM1	+
SP1	ABCB1	+
HSF1	IL1B	-
STAT3	PPARA	+
IRF1	CDK1	-
IRF1	CDK2	-
HSF1	LDHA	+
CEBPA	SPP1	+
E2F1	CCND1	+
TP53	DUSP1	+
AR	RELA	-
KLF6	CCND1	-
ESRRA	NR2F1	-
EZH2	TP53	-
MYB	TK1	+
EGR1	GDF15	+
ESR1	JUNB	+
GATA2	GATA1	+
YY1	CFTR	+
YY1	APC	-
STAT6	IL4	+
YY1	HSPA5	+
CEBPA	IGF1	+
NFKB1	CFLAR	+
ING1	CASP3	+
WT1	HBEGF	+
ATF6	NR0B2	+
SP1	TGFB1	+
TP53	MDM2	+
RELA	CXCL8	+
GLI1	SOCS1	+
HSF1	SERPINE1	+
NF1	MYC	+
TP53	ABCB1	-
SP1	EPO	+
PML	CASP3	+
MYC	PMAIP1	+
SP1	LDLR	+
SIRT1	PAX6	-
ELK1	MUC4	+
E2F1	PPARG	+
RBL1	BRCA1	-
E2F1	SERPINE1	-
CEBPB	IRF4	+
HDAC4	VCAM1	+
CREB1	JUN	-
STAT1	PTGS2	+
SMARCA4	CDH1	+
VDR	IL10	-
SOX6	CCND1	-
TSC22D3	FOXO1	-
MITF	PPARGC1A	+
TP53	FAS	+
MYC	CCND1	-
WT1	IRF8	-
E2F1	DNMT1	-
HDAC3	IFNA1	-
ZEB2	CDH1	-
KLF4	ODC1	-
FOXO4	SOD2	+
BCL6	MYC	+
TCF3	CDH1	-
HEY1	PROX1	-
SP3	RELA	+
SP1	COL11A2	+
NKX3-1	FOS	-
IRF8	IL1B	+
LEF1	MMP7	+
FOXL2	STAR	-
YY1	CTCF	+
KLF8	VIM	-
NFKB1	FAS	+
HIF1A	SOCS1	+
NR0B1	STAR	-
RELA	NOS2	+
NFIC	CYP17A1	+
HNF4A	LDLR	+
SP1	MUC5AC	+
HDAC3	GATA2	-
TCF4	MITF	-
IRF1	IFNG	+
STAT1	CD40	+
GLI1	CDK2	+
KAT2B	RB1	+
PPARG	CDKN1A	+
SP3	NFKB1	+
ATM	VEGFA	-
ARNT	EPO	+
USF2	CTSD	+
ARNT	HIF1A	+
RELA	HBEGF	+
IRF1	BCL2	-
STAT2	IRF1	+
AR	VIM	-
ZFHX3	MUC5AC	-
NRF1	FXR2	+
STAT3	STAT1	+
STAT3	MMP2	+
JUN	TNC	+
FOS	MMP9	+
RELA	IFNA1	+
SP1	SOCS1	+
FLI1	COL1A2	-
MYC	VEGFA	+
PPARG	CFLAR	-
PGR	FOXP3	-
STAT1	HMOX1	+
RELA	SOD2	+
CIITA	MMP9	-
SP1	IGFBP3	+
BRCA1	TFF1	-
HDAC1	CD82	-
SP1	FAS	+
E2F1	THBS1	+
YY1	CXCR4	-
CREB1	IL6	+
NKX2-5	MEF2C	-
TP53	CDK2	-
SATB1	IL4	+
TP63	CDKN1A	+
MEF2D	CD14	+
PROX1	NR5A2	-
ABL1	CDKN1A	+
ATF2	INS	+
SOX9	BEST1	+
BRCA1	CDKN1A	+
BRCA1	CDKN1B	+
NFKB1	BIRC5	+
RELA	IRF1	+
NFKB1	VEGFA	+
NR1I2	KLF6	+
WT1	AR	-
PTTG1	CCNB1	+
STAT3	HMOX1	+
ARNT	CDK2	-
OTX2	IGF1	+
ESRRA	SNAI1	-
ESRRA	SNAI2	-
ESR1	ZFHX3	+
HIF1A	TERT	+
ETS2	FLI1	+
NKX3-1	IGF1R	-
VDR	IL12B	-
RELA	CSF1	+
TSC22D3	CDKN1A	-
BTF3	NFKB1	-
ZFHX3	CDKN1A	+
ESR1	NRF1	+
HIF1A	CA9	+
HOXB7	EGFR	+
SALL4	ZEB1	+
NR4A1	TNF	-
MITF	FOS	+
WT1	CD14	+
TP53	TERT	-
RB1	VEGFA	+
POU2F1	CCND1	+
IRF1	IL10	+
OTX2	BEST1	+
NFKB1	CDKN1A	-
RELA	NOS3	+
E2F1	BRCA1	-
IRF8	CYBB	+
HMGA1	CD44	+
SP1	YY1	+
PRDM1	MYC	-
TWIST1	ATM	+
SP1	VEGFA	+
TAL1	NFKB1	-
HDAC1	PTGS2	+
NFKB1	CSF1	+
APC	PTGS2	-
JUND	GAST	+
NFKB1	PTGS2	+
RUNX3	CDKN1A	+
SMAD3	SERPINE1	+
ING1	CDKN1A	+
